{"cameraMode":{"drawMode":0,"name":"Shaded","section":"Shading Mode"},"sceneLighting":true,"audioPlay":false,"sceneViewState":{"showFog":true,"showMaterialUpdate":true,"showSkybox":false,"showFlares":true,"showImageEffects":true,"showParticleSystems":true},"in2DMode":false,"pivot":{"x":351.3011169433594,"y":221.7186737060547,"z":-29.494630813598634},"rotation":{"x":0.03748062252998352,"y":-0.006897503510117531,"z":-0.00025878893211483955,"w":-0.9992735981941223},"size":592.814453125,"orthographic":false}